Date,GDPC1,DGS2Y,DGS5Y,DGS10Y,DGS30Y
1947-01-01,2033.061,0.0,0.0,0.0,0.0
1947-04-01,2027.639,0.0,0.0,0.0,0.0
1947-07-01,2023.452,0.0,0.0,0.0,0.0
1947-10-01,2055.103,0.0,0.0,0.0,0.0
1948-01-01,2086.017,0.0,0.0,0.0,0.0
1948-04-01,2120.45,0.0,0.0,0.0,0.0
1948-07-01,2132.598,0.0,0.0,0.0,0.0
1948-10-01,2134.981,0.0,0.0,0.0,0.0
1949-01-01,2105.562,0.0,0.0,0.0,0.0
1949-04-01,2098.38,0.0,0.0,0.0,0.0
1949-07-01,2120.044,0.0,0.0,0.0,0.0
1949-10-01,2102.251,0.0,0.0,0.0,0.0
1950-01-01,2184.872,0.0,0.0,0.0,0.0
1950-04-01,2251.507,0.0,0.0,0.0,0.0
1950-07-01,2338.514,0.0,0.0,0.0,0.0
1950-10-01,2383.291,0.0,0.0,0.0,0.0
1951-01-01,2415.66,0.0,0.0,0.0,0.0
1951-04-01,2457.517,0.0,0.0,0.0,0.0
1951-07-01,2508.166,0.0,0.0,0.0,0.0
1951-10-01,2513.69,0.0,0.0,0.0,0.0
1952-01-01,2540.55,0.0,0.0,0.0,0.0
1952-04-01,2546.022,0.0,0.0,0.0,0.0
1952-07-01,2564.401,0.0,0.0,0.0,0.0
1952-10-01,2648.621,0.0,0.0,0.0,0.0
1953-01-01,2697.855,0.0,0.0,0.0,0.0
1953-04-01,2718.709,0.0,0.0,0.0,0.0
1953-07-01,2703.411,0.0,0.0,0.0,0.0
1953-10-01,2662.482,0.0,0.0,0.0,0.0
1954-01-01,2649.755,0.0,0.0,0.0,0.0
1954-04-01,2652.643,0.0,0.0,0.0,0.0
1954-07-01,2682.601,0.0,0.0,0.0,0.0
1954-10-01,2735.091,0.0,0.0,0.0,0.0
1955-01-01,2813.212,0.0,0.0,0.0,0.0
1955-04-01,2858.988,0.0,0.0,0.0,0.0
1955-07-01,2897.598,0.0,0.0,0.0,0.0
1955-10-01,2914.993,0.0,0.0,0.0,0.0
1956-01-01,2903.671,0.0,0.0,0.0,0.0
1956-04-01,2927.665,0.0,0.0,0.0,0.0
1956-07-01,2925.035,0.0,0.0,0.0,0.0
1956-10-01,2973.179,0.0,0.0,0.0,0.0
1957-01-01,2992.219,0.0,0.0,0.0,0.0
1957-04-01,2985.663,0.0,0.0,0.0,0.0
1957-07-01,3014.919,0.0,0.0,0.0,0.0
1957-10-01,2983.727,0.0,0.0,0.0,0.0
1958-01-01,2906.274,0.0,0.0,0.0,0.0
1958-04-01,2925.379,0.0,0.0,0.0,0.0
1958-07-01,2993.068,0.0,0.0,0.0,0.0
1958-10-01,3063.085,0.0,0.0,0.0,0.0
1959-01-01,3121.936,0.0,0.0,0.0,0.0
1959-04-01,3192.38,0.0,0.0,0.0,0.0
1959-07-01,3194.653,0.0,0.0,0.0,0.0
1959-10-01,3203.759,0.0,0.0,0.0,0.0
1960-01-01,3275.757,0.0,0.0,0.0,0.0
1960-04-01,3258.088,0.0,0.0,0.0,0.0
1960-07-01,3274.029,0.0,0.0,0.0,0.0
1960-10-01,3232.009,0.0,0.0,0.0,0.0
1961-01-01,3253.826,0.0,0.0,0.0,0.0
1961-04-01,3309.059,0.0,0.0,0.0,0.0
1961-07-01,3372.581,0.0,0.0,0.0,0.0
1961-10-01,3438.721,0.0,0.0,0.0,0.0
1962-01-01,3500.054,0.0,0.0,0.0,0.0
1962-01-31,3500.054,0.0,3.938636363636364,4.083181818181818,0.0
1962-02-28,3500.054,0.0,3.8927777777777774,4.039444444444445,0.0
1962-03-31,3500.054,0.0,3.6845454545454546,3.9304545454545465,0.0
1962-04-01,3531.683,0.0,3.6845454545454546,3.9304545454545465,0.0
1962-04-30,3531.683,0.0,3.5995000000000004,3.843,0.0
1962-05-31,3531.683,0.0,3.6563636363636367,3.8736363636363644,0.0
1962-06-30,3531.683,0.0,3.635714285714287,3.9090476190476187,0.0
1962-07-01,3575.07,0.0,3.635714285714287,3.9090476190476187,0.0
1962-07-31,3575.07,0.0,3.803333333333333,4.014285714285714,0.0
1962-08-31,3575.07,0.0,3.7121739130434777,3.975652173913043,0.0
1962-09-30,3575.07,0.0,3.701578947368421,3.978947368421052,0.0
1962-10-01,3586.827,0.0,3.701578947368421,3.978947368421052,0.0
1962-10-31,3586.827,0.0,3.6350000000000007,3.9254545454545453,0.0
1962-11-30,3586.827,0.0,3.599473684210527,3.9157894736842107,0.0
1962-12-31,3586.827,0.0,3.561,3.8644999999999996,0.0
1963-01-01,3625.981,0.0,3.561,3.8644999999999996,0.0
1963-01-31,3625.981,0.0,3.5786363636363636,3.833636363636364,0.0
1963-02-28,3625.981,0.0,3.6599999999999997,3.921111111111111,0.0
1963-03-31,3625.981,0.0,3.683809523809523,3.9285714285714284,0.0
1963-04-01,3666.669,0.0,3.683809523809523,3.9285714285714284,0.0
1963-04-30,3666.669,0.0,3.738095238095238,3.970952380952381,0.0
1963-05-31,3666.669,0.0,3.7159090909090917,3.9299999999999997,0.0
1963-06-30,3666.669,0.0,3.8139999999999987,3.9930000000000008,0.0
1963-07-01,3747.278,0.0,3.8139999999999987,3.9930000000000008,0.0
1963-07-31,3747.278,0.0,3.892272727272727,4.020454545454545,0.0
1963-08-31,3747.278,0.0,3.888636363636364,4.002272727272728,0.0
1963-09-30,3747.278,0.0,3.9559999999999995,4.077499999999999,0.0
1963-10-01,3771.845,0.0,3.9559999999999995,4.077499999999999,0.0
1963-10-31,3771.845,0.0,3.9695652173913047,4.1060869565217395,0.0
1963-11-30,3771.845,0.0,4.01235294117647,4.121764705882352,0.0
1963-12-31,3771.845,0.0,4.042857142857142,4.128571428571429,0.0
1964-01-01,3851.366,0.0,4.042857142857142,4.128571428571429,0.0
1964-01-31,3851.366,0.0,4.068636363636364,4.166818181818183,0.0
1964-02-29,3851.366,0.0,4.034444444444443,4.145555555555556,0.0
1964-03-31,3851.366,0.0,4.138571428571427,4.219523809523811,0.0
1964-04-01,3893.296,0.0,4.138571428571427,4.219523809523811,0.0
1964-04-30,3893.296,0.0,4.154545454545455,4.232272727272728,0.0
1964-05-31,3893.296,0.0,4.0495,4.199999999999999,0.0
1964-06-30,3893.296,0.0,4.018636363636363,4.170000000000002,0.0
1964-07-01,3954.121,0.0,4.018636363636363,4.170000000000002,0.0
1964-07-31,3954.121,0.0,4.026818181818181,4.1859090909090915,0.0
1964-08-31,3954.121,0.0,4.054285714285713,4.193809523809523,0.0
1964-09-30,3954.121,0.0,4.076190476190477,4.203809523809523,0.0
1964-10-01,3966.335,0.0,4.076190476190477,4.203809523809523,0.0
1964-10-31,3966.335,0.0,4.069523809523809,4.188095238095238,0.0
1964-11-30,3966.335,0.0,4.041666666666666,4.152777777777779,0.0
1964-12-31,3966.335,0.0,4.086363636363637,4.179545454545454,0.0
1965-01-01,4062.311,0.0,4.086363636363637,4.179545454545454,0.0
1965-01-31,4062.311,0.0,4.1025,4.1895,0.0
1965-02-28,4062.311,0.0,4.1466666666666665,4.211111111111111,0.0
1965-03-31,4062.311,0.0,4.149565217391304,4.210434782608695,0.0
1965-04-01,4113.629,0.0,4.149565217391304,4.210434782608695,0.0
1965-04-30,4113.629,0.0,4.1514285714285695,4.2038095238095226,0.0
1965-05-31,4113.629,0.0,4.1485,4.2115,0.0
1965-06-30,4113.629,0.0,4.1481818181818175,4.213181818181819,0.0
1965-07-01,4205.086,0.0,4.1481818181818175,4.213181818181819,0.0
1965-07-31,4205.086,0.0,4.150952380952382,4.204761904761906,0.0
1965-08-31,4205.086,0.0,4.203181818181818,4.252272727272726,0.0
1965-09-30,4205.086,0.0,4.2509523809523815,4.29047619047619,0.0
1965-10-01,4301.973,0.0,4.2509523809523815,4.29047619047619,0.0
1965-10-31,4301.973,0.0,4.339500000000001,4.3495,0.0
1965-11-30,4301.973,0.0,4.461052631578948,4.448947368421053,0.0
1965-12-31,4301.973,0.0,4.720454545454545,4.615454545454547,0.0
1966-01-01,4406.693,0.0,4.720454545454545,4.615454545454547,0.0
1966-01-31,4406.693,0.0,4.861428571428571,4.612380952380952,0.0
1966-02-28,4406.693,0.0,4.984210526315789,4.832105263157896,0.0
1966-03-31,4406.693,0.0,4.920434782608696,4.873478260869566,0.0
1966-04-01,4421.747,0.0,4.920434782608696,4.873478260869566,0.0
1966-04-30,4421.747,0.0,4.831,4.75,0.0
1966-05-31,4421.747,0.0,4.885714285714285,4.778571428571428,0.0
1966-06-30,4421.747,0.0,4.972272727272727,4.814545454545454,0.0
1966-07-01,4459.195,0.0,4.972272727272727,4.814545454545454,0.0
1966-07-31,4459.195,0.0,5.169500000000001,5.017999999999999,0.0
1966-08-31,4459.195,0.0,5.5034782608695645,5.224347826086958,0.0
1966-09-30,4459.195,0.0,5.495714285714285,5.182380952380952,0.0
1966-10-01,4495.777,0.0,5.495714285714285,5.182380952380952,0.0
1966-10-31,4495.777,0.0,5.2675,5.0115,0.0
1966-11-30,4495.777,0.0,5.363684210526316,5.155263157894738,0.0
1966-12-31,4495.777,0.0,5.003809523809524,4.8428571428571425,0.0
1967-01-01,4535.591,0.0,5.003809523809524,4.8428571428571425,0.0
1967-01-31,4535.591,0.0,4.703809523809523,4.579047619047619,0.0
1967-02-28,4535.591,0.0,4.736666666666667,4.626666666666667,0.0
1967-03-31,4535.591,0.0,4.537727272727273,4.541818181818181,0.0
1967-04-01,4538.37,0.0,4.537727272727273,4.541818181818181,0.0
1967-04-30,4538.37,0.0,4.505999999999999,4.593500000000001,0.0
1967-05-31,4538.37,0.0,4.748181818181817,4.847727272727273,0.0
1967-06-30,4538.37,0.0,5.013181818181819,5.0227272727272725,0.0
1967-07-01,4581.309,0.0,5.013181818181819,5.0227272727272725,0.0
1967-07-31,4581.309,0.0,5.225,5.159000000000001,0.0
1967-08-31,4581.309,0.0,5.312173913043479,5.275652173913043,0.0
1967-09-30,4581.309,0.0,5.398499999999999,5.3020000000000005,0.0
1967-10-01,4615.853,0.0,5.398499999999999,5.3020000000000005,0.0
1967-10-31,4615.853,0.0,5.567142857142858,5.480952380952381,0.0
1967-11-30,4615.853,0.0,5.775,5.753500000000001,0.0
1967-12-31,4615.853,0.0,5.7545,5.699000000000001,0.0
1968-01-01,4709.993,0.0,5.7545,5.699000000000001,0.0
1968-01-31,4709.993,0.0,5.536363636363636,5.528636363636364,0.0
1968-02-29,4709.993,0.0,5.586315789473684,5.563684210526316,0.0
1968-03-31,4709.993,0.0,5.757142857142857,5.74,0.0
1968-04-01,4788.688,0.0,5.757142857142857,5.74,0.0
1968-04-30,4788.688,0.0,5.6945,5.6385,0.0
1968-05-31,4788.688,0.0,6.037727272727272,5.869545454545454,0.0
1968-06-30,4788.688,0.0,5.846500000000001,5.718,0.0
1968-07-01,4825.799,0.0,5.846500000000001,5.718,0.0
1968-07-31,4825.799,0.0,5.598636363636363,5.495454545454546,0.0
1968-08-31,4825.799,0.0,5.494999999999999,5.420454545454545,0.0
1968-09-30,4825.799,0.0,5.475999999999998,5.46,0.0
1968-10-01,4844.779,0.0,5.475999999999998,5.46,0.0
1968-10-31,4844.779,0.0,5.553478260869565,5.582608695652173,0.0
1968-11-30,4844.779,0.0,5.658888888888889,5.696111111111112,0.0
1968-12-31,4844.779,0.0,6.1171428571428565,6.031904761904761,0.0
1969-01-01,4920.605,0.0,6.1171428571428565,6.031904761904761,0.0
1969-01-31,4920.605,0.0,6.25,6.041818181818183,0.0
1969-02-28,4920.605,0.0,6.341578947368421,6.188947368421052,0.0
1969-03-31,4920.605,0.0,6.410500000000001,6.295999999999999,0.0
1969-04-01,4935.564,0.0,6.410500000000001,6.295999999999999,0.0
1969-04-30,4935.564,0.0,6.296190476190477,6.173333333333333,0.0
1969-05-31,4935.564,0.0,6.535238095238095,6.323333333333333,0.0
1969-06-30,4935.564,0.0,6.746666666666665,6.574285714285713,0.0
1969-07-01,4968.164,0.0,6.746666666666665,6.574285714285713,0.0
1969-07-31,4968.164,0.0,7.013333333333334,6.71952380952381,0.0
1969-08-31,4968.164,0.0,7.0252380952380955,6.691428571428573,0.0
1969-09-30,4968.164,0.0,7.567142857142857,7.159523809523808,0.0
1969-10-01,4943.935,0.0,7.567142857142857,7.159523809523808,0.0
1969-10-31,4943.935,0.0,7.5054545454545485,7.095454545454545,0.0
1969-11-30,4943.935,0.0,7.526470588235293,7.144117647058825,0.0
1969-12-31,4943.935,0.0,7.960454545454545,7.65409090909091,0.0
1970-01-01,4936.594,0.0,7.960454545454545,7.65409090909091,0.0
1970-01-31,4936.594,0.0,8.165714285714285,7.794761904761903,0.0
1970-02-28,4936.594,0.0,7.824444444444443,7.238333333333334,0.0
1970-03-31,4936.594,0.0,7.21,7.072857142857144,0.0
1970-04-01,4943.6,0.0,7.21,7.072857142857144,0.0
1970-04-30,4943.6,0.0,7.501363636363635,7.390909090909091,0.0
1970-05-31,4943.6,0.0,7.969047619047619,7.906190476190475,0.0
1970-06-30,4943.6,0.0,7.853636363636365,7.841818181818184,0.0
1970-07-01,4989.159,0.0,7.853636363636365,7.841818181818184,0.0
1970-07-31,4989.159,0.0,7.5895454545454575,7.457272727272726,0.0
1970-08-31,4989.159,0.0,7.57238095238095,7.5271428571428585,0.0
1970-09-30,4989.159,0.0,7.294761904761905,7.38952380952381,0.0
1970-10-01,4935.693,0.0,7.294761904761905,7.38952380952381,0.0
1970-10-31,4935.693,0.0,7.115238095238096,7.326666666666666,0.0
1970-11-30,4935.693,0.0,6.468333333333333,6.841111111111112,0.0
1970-12-31,4935.693,0.0,5.950909090909092,6.391363636363637,0.0
1971-01-01,5069.746,0.0,5.950909090909092,6.391363636363637,0.0
1971-01-31,5069.746,0.0,5.888,6.238500000000001,0.0
1971-02-28,5069.746,0.0,5.562222222222221,6.112222222222223,0.0
1971-03-31,5069.746,0.0,5.003913043478262,5.7034782608695656,0.0
1971-04-01,5097.179,0.0,5.003913043478262,5.7034782608695656,0.0
1971-04-30,5097.179,0.0,5.652380952380951,5.8338095238095224,0.0
1971-05-31,5097.179,0.0,6.281999999999998,6.3925,0.0
1971-06-30,5097.179,0.0,6.529545454545455,6.5222727272727266,0.0
1971-07-01,5139.128,0.0,6.529545454545455,6.5222727272727266,0.0
1971-07-31,5139.128,0.0,6.849999999999999,6.729523809523809,0.0
1971-08-31,5139.128,0.0,6.549545454545455,6.582727272727274,0.0
1971-09-30,5139.128,0.0,6.137142857142855,6.13952380952381,0.0
1971-10-01,5151.245,0.0,6.137142857142855,6.13952380952381,0.0
1971-10-31,5151.245,0.0,5.925789473684212,5.925789473684212,0.0
1971-11-30,5151.245,0.0,5.781,5.81,0.0
1971-12-31,5151.245,0.0,5.6895454545454545,5.926363636363636,0.0
1972-01-01,5245.974,0.0,5.6895454545454545,5.926363636363636,0.0
1972-01-31,5245.974,0.0,5.593333333333333,5.947619047619047,0.0
1972-02-29,5245.974,0.0,5.6915000000000004,6.081,0.0
1972-03-31,5245.974,0.0,5.870454545454546,6.068636363636363,0.0
1972-04-01,5365.045,0.0,5.870454545454546,6.068636363636363,0.0
1972-04-30,5365.045,0.0,6.1705000000000005,6.194499999999999,0.0
1972-05-31,5365.045,0.0,5.852727272727273,6.126363636363636,0.0
1972-06-30,5365.045,0.0,5.906818181818181,6.1068181818181815,0.0
1972-07-01,5415.712,0.0,5.906818181818181,6.1068181818181815,0.0
1972-07-31,5415.712,0.0,5.9719999999999995,6.113,0.0
1972-08-31,5415.712,0.0,6.018695652173913,6.2104347826086945,0.0
1972-09-30,5415.712,0.0,6.2505,6.5495,0.0
1972-10-01,5506.396,0.0,6.2505,6.5495,0.0
1972-10-31,5506.396,0.0,6.1819999999999995,6.4795,0.0
1972-11-30,5506.396,0.0,6.1165,6.280499999999999,0.0
1972-12-31,5506.396,0.0,6.158500000000002,6.358500000000001,0.0
1973-01-01,5642.669,0.0,6.158500000000002,6.358500000000001,0.0
1973-01-31,5642.669,0.0,6.341363636363635,6.464545454545455,0.0
1973-02-28,5642.669,0.0,6.6,6.635555555555555,0.0
1973-03-31,5642.669,0.0,6.804545454545454,6.70909090909091,0.0
1973-04-01,5704.098,0.0,6.804545454545454,6.70909090909091,0.0
1973-04-30,5704.098,0.0,6.672499999999999,6.668499999999999,0.0
1973-05-31,5704.098,0.0,6.803181818181819,6.847272727272728,0.0
1973-06-30,5704.098,0.0,6.69,6.899999999999999,0.0
1973-07-01,5674.1,0.0,6.69,6.899999999999999,0.0
1973-07-31,5674.1,0.0,7.334761904761907,7.130952380952381,0.0
1973-08-31,5674.1,0.0,7.628695652173912,7.404782608695651,0.0
1973-09-30,5674.1,0.0,7.053684210526316,7.0905263157894725,0.0
1973-10-01,5727.96,0.0,7.053684210526316,7.0905263157894725,0.0
1973-10-31,5727.96,0.0,6.771428571428572,6.794285714285716,0.0
1973-11-30,5727.96,0.0,6.9174999999999995,6.7284999999999995,0.0
1973-12-31,5727.96,0.0,6.796842105263159,6.743684210526314,0.0
1974-01-01,5678.713,0.0,6.796842105263159,6.743684210526314,0.0
1974-01-31,5678.713,0.0,6.948636363636362,6.988636363636362,0.0
1974-02-28,5678.713,0.0,6.816666666666666,6.957222222222223,0.0
1974-03-31,5678.713,0.0,7.312857142857142,7.2090476190476185,0.0
1974-04-01,5692.21,0.0,7.312857142857142,7.2090476190476185,0.0
1974-04-30,5692.21,0.0,7.919999999999998,7.512380952380953,0.0
1974-05-31,5692.21,0.0,8.179545454545455,7.575909090909093,0.0
1974-06-30,5692.21,0.0,8.096,7.535499999999997,0.0
1974-07-01,5638.411,0.0,8.096,7.535499999999997,0.0
1974-07-31,5638.411,0.0,8.375909090909092,7.804999999999998,0.0
1974-08-31,5638.411,0.0,8.63,8.04409090909091,0.0
1974-09-30,5638.411,0.0,8.374500000000001,8.0375,0.0
1974-10-01,5616.526,0.0,8.374500000000001,8.0375,0.0
1974-10-31,5616.526,0.0,7.96772727272727,7.896818181818182,0.0
1974-11-30,5616.526,0.0,7.678333333333332,7.681111111111109,0.0
1974-12-31,5616.526,0.0,7.30904761904762,7.433809523809523,0.0
1975-01-01,5548.156,0.0,7.30904761904762,7.433809523809523,0.0
1975-01-31,5548.156,0.0,7.405454545454546,7.501363636363638,0.0
1975-02-28,5548.156,0.0,7.112777777777778,7.392222222222222,0.0
1975-03-31,5548.156,0.0,7.303500000000002,7.728,0.0
1975-04-01,5587.8,0.0,7.303500000000002,7.728,0.0
1975-04-30,5587.8,0.0,7.986363636363635,8.226818181818182,0.0
1975-05-31,5587.8,0.0,7.720000000000001,8.05952380952381,0.0
1975-06-30,5587.8,0.0,7.511904761904761,7.86095238095238,0.0
1975-07-01,5683.444,0.0,7.511904761904761,7.86095238095238,0.0
1975-07-31,5683.444,0.0,7.923181818181818,8.061363636363636,0.0
1975-08-31,5683.444,0.0,8.328095238095237,8.397619047619049,0.0
1975-09-30,5683.444,0.0,8.365714285714287,8.426666666666666,0.0
1975-10-01,5759.972,0.0,8.365714285714287,8.426666666666666,0.0
1975-10-31,5759.972,0.0,7.97409090909091,8.137727272727272,0.0
1975-11-30,5759.972,0.0,7.801176470588236,8.05294117647059,0.0
1975-12-31,5759.972,0.0,7.758636363636364,7.996818181818181,0.0
1976-01-01,5889.5,0.0,7.758636363636364,7.996818181818181,0.0
1976-01-31,5889.5,0.0,7.456666666666668,7.7423809523809535,0.0
1976-02-29,5889.5,0.0,7.448333333333333,7.792777777777778,0.0
1976-03-31,5889.5,0.0,7.489565217391304,7.734347826086955,0.0
1976-04-01,5932.711,0.0,7.489565217391304,7.734347826086955,0.0
1976-04-30,5932.711,0.0,7.253333333333335,7.564285714285714,0.0
1976-05-31,5932.711,0.0,7.589999999999999,7.8950000000000005,0.0
1976-06-30,5932.711,7.060000000000002,7.606818181818184,7.861363636363638,0.0
1976-07-01,5965.265,7.060000000000002,7.606818181818184,7.861363636363638,0.0
1976-07-31,5965.265,6.850000000000001,7.487619047619048,7.831904761904762,0.0
1976-08-31,5965.265,6.631363636363636,7.306818181818182,7.7686363636363645,0.0
1976-09-30,5965.265,6.416190476190477,7.1295238095238105,7.594285714285715,0.0
1976-10-01,6008.504,6.416190476190477,7.1295238095238105,7.594285714285715,0.0
1976-10-31,6008.504,5.984,6.752,7.411,0.0
1976-11-30,6008.504,5.81,6.519473684210526,7.291052631578946,0.0
1976-12-31,6008.504,5.376818181818184,6.104545454545454,6.869090909090909,0.0
1977-01-01,6079.494,5.376818181818184,6.104545454545454,6.869090909090909,0.0
1977-01-31,6079.494,5.89952380952381,6.583333333333333,7.213333333333336,0.0
1977-02-28,6079.494,6.088421052631579,6.830000000000001,7.3910526315789475,7.754444444444443
1977-03-31,6079.494,6.086521739130435,6.928260869565219,7.459999999999999,7.796086956521741
1977-04-01,6197.686,6.086521739130435,6.928260869565219,7.459999999999999,7.796086956521741
1977-04-30,6197.686,5.963500000000001,6.791999999999999,7.3705,7.7345
1977-05-31,6197.686,6.254761904761905,6.939047619047619,7.456666666666664,7.798095238095239
1977-06-30,6197.686,6.127272727272729,6.756818181818181,7.2754545454545445,7.635909090909094
1977-07-01,6309.514,6.127272727272729,6.756818181818181,7.2754545454545445,7.635909090909094
1977-07-31,6309.514,6.274736842105263,6.844210526315789,7.329999999999999,7.644736842105263
1977-08-31,6309.514,6.611304347826087,7.028260869565218,7.396521739130436,7.683478260869565
1977-09-30,6309.514,6.714285714285714,7.040476190476191,7.343809523809522,7.643333333333334
1977-10-01,6309.652,6.714285714285714,7.040476190476191,7.343809523809522,7.643333333333334
1977-10-31,6309.652,7.106,7.32,7.523500000000001,7.7745000000000015
1977-11-30,6309.652,7.142631578947369,7.338947368421054,7.577368421052633,7.846842105263158
1977-12-31,6309.652,7.176666666666664,7.478571428571428,7.685238095238096,7.940476190476192
1978-01-01,6329.791,7.176666666666664,7.478571428571428,7.685238095238096,7.940476190476192
1978-01-31,6329.791,7.485714285714285,7.766190476190478,7.956190476190477,8.17952380952381
1978-02-28,6329.791,7.565000000000001,7.8322222222222235,8.033333333333333,8.254444444444445
1978-03-31,6329.791,7.574999999999999,7.857727272727273,8.03590909090909,8.234090909090911
1978-04-01,6574.39,7.574999999999999,7.857727272727273,8.03590909090909,8.234090909090911
1978-04-30,6574.39,7.7435,7.9825,8.154,8.34
1978-05-31,6574.39,8.006190476190476,8.175714285714287,8.345714285714287,8.434761904761904
1978-06-30,6574.39,8.239545454545452,8.355,8.462272727272728,8.500454545454547
1978-07-01,6640.497,8.239545454545452,8.355,8.462272727272728,8.500454545454547
1978-07-31,6640.497,8.489500000000001,8.536499999999998,8.64,8.6495
1978-08-31,6640.497,8.366521739130434,8.333913043478262,8.410869565217391,8.473478260869564
1978-09-30,6640.497,8.565499999999998,8.427499999999998,8.4165,8.471
1978-10-01,6729.755,8.565499999999998,8.427499999999998,8.4165,8.471
1978-10-31,6729.755,8.853809523809524,8.614761904761902,8.642380952380952,8.669047619047621
1978-11-30,6729.755,9.4245,8.835,8.805000000000003,8.7515
1978-12-31,6729.755,9.715499999999997,9.084,9.006499999999999,8.8845
1979-01-01,6741.854,9.715499999999997,9.084,9.006499999999999,8.8845
1979-01-31,6741.854,9.859999999999998,9.202727272727271,9.099545454545455,8.938181818181818
1979-02-28,6741.854,9.716666666666665,9.133888888888889,9.098333333333334,9.000555555555557
1979-03-31,6741.854,9.789545454545454,9.202272727272726,9.117272727272729,9.030909090909093
1979-04-01,6749.063,9.789545454545454,9.202272727272726,9.117272727272729,9.030909090909093
1979-04-30,6749.063,9.7785,9.249499999999998,9.182,9.084500000000002
1979-05-31,6749.063,9.783809523809527,9.237142857142857,9.252380952380951,9.193333333333333
1979-06-30,6749.063,9.22047619047619,8.84904761904762,8.913809523809524,8.923333333333334
1979-07-01,6799.2,9.22047619047619,8.84904761904762,8.913809523809524,8.923333333333334
1979-07-31,6799.2,9.137619047619047,8.897619047619047,8.950000000000001,8.931904761904761
1979-08-31,6799.2,9.458695652173912,9.060434782608695,9.029565217391307,8.977826086956524
1979-09-30,6799.2,10.056315789473683,9.408421052631576,9.334736842105263,9.16894736842105
1979-10-01,6816.203,10.056315789473683,9.408421052631576,9.334736842105263,9.16894736842105
1979-10-31,6816.203,11.489545454545457,10.627727272727276,10.29909090909091,9.84772727272727
1979-11-30,6816.203,11.808421052631578,10.925263157894737,10.653157894736841,10.300526315789476
1979-12-31,6816.203,11.3905,10.4155,10.386000000000001,10.123999999999999
1980-01-01,6837.641,11.3905,10.4155,10.386000000000001,10.123999999999999
1980-01-31,6837.641,11.498181818181818,10.743636363636368,10.802272727272726,10.595000000000002
1980-02-29,6837.641,13.418421052631578,12.596315789473683,12.414736842105265,12.133157894736842
1980-03-31,6837.641,14.884761904761907,13.469523809523807,12.749047619047618,12.339047619047616
1980-04-01,6696.753,14.884761904761907,13.469523809523807,12.749047619047618,12.339047619047616
1980-04-30,6696.753,12.501904761904763,11.843809523809522,11.473333333333333,11.399999999999999
1980-05-31,6696.753,9.449999999999998,9.945714285714285,10.181428571428572,10.361428571428572
1980-06-30,6696.753,8.72809523809524,9.211428571428572,9.778095238095238,9.81333333333333
1980-07-01,6688.794,8.72809523809524,9.211428571428572,9.778095238095238,9.81333333333333
1980-07-31,6688.794,9.029545454545456,9.528636363636366,10.247727272727273,10.238636363636367
1980-08-31,6688.794,10.52761904761905,10.83904761904762,11.101904761904764,11.000952380952382
1980-09-30,6688.794,11.574761904761903,11.618095238095236,11.508571428571429,11.33952380952381
1980-10-01,6813.535,11.574761904761903,11.618095238095236,11.508571428571429,11.33952380952381
1980-10-31,6813.535,12.088181818181816,11.861363636363636,11.751363636363633,11.585909090909091
1980-11-30,6813.535,13.514117647058825,12.83470588235294,12.684705882352942,12.369411764705884
1980-12-31,6813.535,14.076818181818185,13.247272727272728,12.844090909090907,12.395454545454545
1981-01-01,6947.042,14.076818181818185,13.247272727272728,12.844090909090907,12.395454545454545
1981-01-31,6947.042,13.262380952380951,12.770476190476192,12.568571428571431,12.142857142857144
1981-02-28,6947.042,13.91888888888889,13.41222222222222,13.194444444444448,12.802222222222222
1981-03-31,6947.042,13.568636363636365,13.408181818181816,13.115909090909094,12.68590909090909
1981-04-01,6895.559,13.568636363636365,13.408181818181816,13.115909090909094,12.68590909090909
1981-04-30,6895.559,14.15142857142857,13.99095238095238,13.679523809523811,13.196190476190473
1981-05-31,6895.559,15.456999999999999,14.625000000000004,14.0995,13.602500000000003
1981-06-30,6895.559,14.50590909090909,13.953181818181816,13.47227272727273,12.960454545454548
1981-07-01,6978.135,14.50590909090909,13.953181818181816,13.47227272727273,12.960454545454548
1981-07-31,6978.135,15.354090909090905,14.79,14.280909090909091,13.588636363636363
1981-08-31,6978.135,16.284761904761904,15.563809523809523,14.93714285714286,14.167619047619045
1981-09-30,6978.135,16.457619047619044,15.930000000000001,15.32380952380952,14.666666666666664
1981-10-01,6902.105,16.457619047619044,15.930000000000001,15.32380952380952,14.666666666666664
1981-10-31,6902.105,15.542857142857141,15.406666666666665,15.14809523809524,14.684285714285714
1981-11-30,6902.105,12.881666666666668,13.375555555555556,13.392777777777773,13.35277777777778
1981-12-31,6902.105,13.290454545454544,13.60045454545455,13.724545454545456,13.454545454545455
1982-01-01,6794.878,13.290454545454544,13.60045454545455,13.724545454545456,13.454545454545455
1982-01-31,6794.878,14.568000000000001,14.645500000000002,14.594,14.224
1982-02-28,6794.878,14.823333333333336,14.540555555555553,14.425555555555556,14.219444444444447
1982-03-31,6794.878,14.194347826086956,13.977391304347824,13.861304347826087,13.533043478260868
1982-04-01,6825.876,14.194347826086956,13.977391304347824,13.861304347826087,13.533043478260868
1982-04-30,6825.876,14.202380952380954,14.003809523809522,13.871904761904762,13.36714285714286
1982-05-31,6825.876,13.777000000000001,13.754000000000001,13.622499999999999,13.242499999999996
1982-06-30,6825.876,14.465454545454547,14.426363636363636,14.299545454545456,13.923636363636366
1982-07-01,6799.781,14.465454545454547,14.426363636363636,14.299545454545456,13.923636363636366
1982-07-31,6799.781,13.797142857142857,14.067142857142859,13.946190476190477,13.550952380952381
1982-08-31,6799.781,12.32363636363636,12.998181818181815,13.055000000000001,12.767727272727273
1982-09-30,6799.781,11.783333333333331,12.248095238095237,12.33904761904762,12.065714285714284
1982-10-01,6802.497,11.783333333333331,12.248095238095237,12.33904761904762,12.065714285714284
1982-10-31,6802.497,10.187499999999998,10.799500000000002,10.906500000000001,11.167999999999997
1982-11-30,6802.497,9.795789473684211,10.381578947368418,10.550526315789472,10.542105263157895
1982-12-31,6802.497,9.662272727272729,10.222272727272728,10.54,10.53909090909091
1983-01-01,6892.144,9.662272727272729,10.222272727272728,10.54,10.53909090909091
1983-01-31,6892.144,9.327619047619049,10.025714285714287,10.457142857142859,10.63047619047619
1983-02-28,6892.144,9.636315789473684,10.257368421052632,10.724736842105262,10.880526315789472
1983-03-31,6892.144,9.656086956521738,10.083478260869565,10.506521739130438,10.633043478260872
1983-04-01,7048.982,9.656086956521738,10.083478260869565,10.506521739130438,10.633043478260872
1983-04-30,7048.982,9.568,10.0215,10.4,10.477
1983-05-31,7048.982,9.489047619047618,10.034285714285714,10.38,10.528095238095238
1983-06-30,7048.982,10.181818181818183,10.628181818181817,10.848636363636365,10.932727272727274
1983-07-01,7189.896,10.181818181818183,10.628181818181817,10.848636363636365,10.932727272727274
1983-07-31,7189.896,10.685,11.209,11.376999999999999,11.395
1983-08-31,7189.896,11.070434782608697,11.62608695652174,11.846086956521738,11.816086956521739
1983-09-30,7189.896,10.790000000000001,11.43,11.653809523809525,11.633333333333333
1983-10-01,7339.893,10.790000000000001,11.43,11.653809523809525,11.633333333333333
1983-10-31,7339.893,10.571000000000002,11.278,11.541,11.577
1983-11-30,7339.893,10.664210526315786,11.408947368421055,11.690000000000003,11.745789473684209
1983-12-31,7339.893,10.836666666666666,11.544761904761906,11.82952380952381,11.881428571428573
1984-01-01,7483.371,10.836666666666666,11.544761904761906,11.82952380952381,11.881428571428573
1984-01-31,7483.371,10.642380952380952,11.36857142857143,11.674285714285713,11.75095238095238
1984-02-29,7483.371,10.785263157894738,11.538421052631582,11.842105263157896,11.949473684210528
1984-03-31,7483.371,11.314545454545454,12.021363636363633,12.319090909090905,12.383636363636363
1984-04-01,7612.668,11.314545454545454,12.021363636363633,12.319090909090905,12.383636363636363
1984-04-30,7612.668,11.685999999999998,12.371500000000001,12.6335,12.6495
1984-05-31,7612.668,12.469999999999999,13.172727272727274,13.408636363636363,13.42590909090909
1984-06-30,7612.668,12.906666666666668,13.476666666666667,13.562857142857146,13.439523809523811
1984-07-01,7686.059,12.906666666666668,13.476666666666667,13.562857142857146,13.439523809523811
1984-07-31,7686.059,12.877619047619046,13.274761904761906,13.362380952380953,13.210952380952381
1984-08-31,7686.059,12.434347826086954,12.68478260869565,12.716086956521737,12.539565217391303
1984-09-30,7686.059,12.204736842105262,12.532105263157893,12.522631578947369,12.293157894736844
1984-10-01,7749.151,12.204736842105262,12.532105263157893,12.522631578947369,12.293157894736844
1984-10-31,7749.151,11.599999999999998,12.060909090909092,12.160454545454547,11.983181818181817
1984-11-30,7749.151,10.648947368421053,11.325263157894739,11.572631578947368,11.560526315789476
1984-12-31,7749.151,10.1815,11.069500000000001,11.4995,11.5175
1985-01-01,7824.247,10.1815,11.069500000000001,11.4995,11.5175
1985-01-31,7824.247,9.930952380952382,10.932380952380951,11.384285714285717,11.452857142857145
1985-02-28,7824.247,10.165555555555558,11.13111111111111,11.508888888888889,11.47
1985-03-31,7824.247,10.712857142857144,11.52047619047619,11.855238095238096,11.812857142857142
1985-04-01,7893.136,10.712857142857144,11.52047619047619,11.855238095238096,11.812857142857142
1985-04-30,7893.136,10.08904761904762,11.006666666666666,11.434761904761903,11.468095238095236
1985-05-31,7893.136,9.394090909090911,10.335909090909091,10.846818181818183,11.04590909090909
1985-06-30,7893.136,8.688,9.599,10.156,10.445
1985-07-01,8013.674,8.688,9.599,10.156,10.445
1985-07-31,8013.674,8.773181818181818,9.700000000000001,10.306818181818182,10.496363636363636
1985-08-31,8013.674,8.943636363636365,9.809545454545454,10.331818181818182,10.559545454545452
1985-09-30,8013.674,8.983157894736843,9.81,10.373157894736842,10.611052631578948
1985-10-01,8073.239,8.983157894736843,9.81,10.373157894736842,10.611052631578948
1985-10-31,8073.239,8.864545454545455,9.68863636363636,10.236818181818181,10.50090909090909
1985-11-30,8073.239,8.581052631578949,9.275263157894736,9.781578947368423,10.061578947368423
1985-12-31,8073.239,8.146666666666667,8.728571428571431,9.25904761904762,9.53714285714286
1986-01-01,8148.603,8.146666666666667,8.728571428571431,9.25904761904762,9.53714285714286
1986-01-31,8148.603,8.142380952380952,8.683333333333332,9.193809523809524,9.396190476190474
1986-02-28,8148.603,7.967368421052631,8.335789473684208,8.70421052631579,8.928947368421051
1986-03-31,8148.603,7.214499999999999,7.460000000000001,7.778499999999998,7.9595
1986-04-01,8185.303,7.214499999999999,7.460000000000001,7.778499999999998,7.9595
1986-04-30,8185.303,6.694999999999999,7.053636363636363,7.29909090909091,7.386363636363637
1986-05-31,8185.303,7.067142857142857,7.524761904761905,7.709523809523809,7.517142857142856
1986-06-30,8185.303,7.184761904761906,7.637619047619047,7.799523809523808,7.573333333333333
1986-07-01,8263.639,7.184761904761906,7.637619047619047,7.799523809523808,7.573333333333333
1986-07-31,8263.639,6.666363636363636,7.0627272727272725,7.303181818181818,7.272272727272727
1986-08-31,8263.639,6.326190476190476,6.802380952380953,7.165714285714284,7.326190476190476
1986-09-30,8263.639,6.3461904761904755,6.919047619047617,7.447619047619048,7.6204761904761895
1986-10-01,8308.021,6.3461904761904755,6.919047619047617,7.447619047619048,7.6204761904761895
1986-10-31,8308.021,6.27909090909091,6.832272727272726,7.426363636363635,7.695454545454549
1986-11-30,8308.021,6.276666666666666,6.755,7.2505555555555565,7.515000000000001
1986-12-31,8308.021,6.271818181818182,6.669090909090909,7.112727272727271,7.371363636363637
1987-01-01,8369.93,6.271818181818182,6.669090909090909,7.112727272727271,7.371363636363637
1987-01-31,8369.93,6.226,6.635,7.084500000000001,7.385999999999998
1987-02-28,8369.93,6.397894736842104,6.792105263157896,7.2505263157894735,7.539999999999998
1987-03-31,8369.93,6.424545454545455,6.793181818181818,7.248636363636364,7.551363636363636
1987-04-01,8460.233,6.424545454545455,6.793181818181818,7.248636363636364,7.551363636363636
1987-04-30,8460.233,7.024285714285715,7.574285714285713,8.022857142857143,8.252380952380951
1987-05-31,8460.233,7.7615,8.2595,8.613000000000001,8.78
1987-06-30,8460.233,7.573181818181817,8.016363636363637,8.402272727272727,8.569545454545453
1987-07-01,8533.635,7.573181818181817,8.016363636363637,8.402272727272727,8.569545454545453
1987-07-31,8533.635,7.4422727272727265,8.008181818181818,8.446818181818182,8.635909090909092
1987-08-31,8533.635,7.752857142857143,8.32285714285714,8.760476190476188,8.970000000000002
1987-09-30,8533.635,8.34380952380952,8.942857142857141,9.421904761904763,9.591904761904763
1987-10-01,8680.162,8.34380952380952,8.942857142857141,9.421904761904763,9.591904761904763
1987-10-31,8680.162,8.397619047619047,9.080000000000004,9.519999999999998,9.614285714285716
1987-11-30,8680.162,7.692631578947368,8.34736842105263,8.860526315789471,8.952105263157895
1987-12-31,8680.162,7.857727272727275,8.451363636363638,8.987727272727273,9.12
1988-01-01,8725.006,7.857727272727275,8.451363636363638,8.987727272727273,9.12
1988-01-31,8725.006,7.629999999999998,8.177894736842106,8.665789473684208,8.826315789473686
1988-02-29,8725.006,7.180499999999999,7.712499999999999,8.212,8.431999999999999
1988-03-31,8725.006,7.270434782608694,7.83391304347826,8.373478260869565,8.630869565217392
1988-04-01,8839.641,7.270434782608694,7.83391304347826,8.373478260869565,8.630869565217392
1988-04-30,8839.641,7.589499999999999,8.194,8.7185,8.9525
1988-05-31,8839.641,7.995714285714284,8.582380952380952,9.089047619047617,9.231904761904762
1988-06-30,8839.641,8.025909090909092,8.486818181818181,8.921363636363635,8.997727272727273
1988-07-01,8891.435,8.025909090909092,8.486818181818181,8.921363636363635,8.997727272727273
1988-07-31,8891.435,8.279,8.655000000000001,9.056000000000001,9.139999999999999
1988-08-31,8891.435,8.628695652173912,8.936521739130434,9.260434782608694,9.315652173913048
1988-09-30,8891.435,8.463333333333335,8.692857142857143,8.977142857142857,9.055714285714288
1988-10-01,9009.913,8.463333333333335,8.692857142857143,8.977142857142857,9.055714285714288
1988-10-31,9009.913,8.354000000000001,8.5125,8.7955,8.8945
1988-11-30,9009.913,8.666,8.7865,8.9625,9.020999999999999
1988-12-31,9009.913,9.088571428571427,9.092857142857145,9.105714285714287,9.005238095238095
1989-01-01,9101.508,9.088571428571427,9.092857142857145,9.105714285714287,9.005238095238095
1989-01-31,9101.508,9.175499999999998,9.148499999999999,9.0915,8.927000000000001
1989-02-28,9101.508,9.371578947368421,9.270526315789475,9.168947368421055,9.01
1989-03-31,9101.508,9.679545454545455,9.514090909090909,9.357727272727272,9.165454545454544
1989-04-01,9170.977,9.679545454545455,9.514090909090909,9.357727272727272,9.165454545454544
1989-04-30,9170.977,9.4515,9.295000000000002,9.175500000000001,9.025000000000002
1989-05-31,9170.977,9.017727272727273,8.909545454545455,8.859090909090908,8.832272727272725
1989-06-30,9170.977,8.406363636363638,8.292272727272728,8.27727272727273,8.266363636363637
1989-07-01,9238.923,8.406363636363638,8.292272727272728,8.27727272727273,8.266363636363637
1989-07-31,9238.923,7.819500000000001,7.8265,8.0185,8.078999999999999
1989-08-31,9238.923,8.144782608695653,8.089565217391304,8.112608695652176,8.122173913043477
1989-09-30,9238.923,8.2845,8.1745,8.190500000000004,8.154500000000002
1989-10-01,9257.128,8.2845,8.1745,8.190500000000004,8.154500000000002
1989-10-31,9257.128,7.979047619047618,7.966190476190478,8.007619047619048,7.999047619047618
1989-11-30,9257.128,7.795714285714284,7.810952380952381,7.874285714285714,7.902380952380952
1989-12-31,9257.128,7.776999999999999,7.7465,7.836,7.896499999999999
1990-01-01,9358.289,7.776999999999999,7.7465,7.836,7.896499999999999
1990-01-31,9358.289,8.085238095238097,8.11952380952381,8.206666666666667,8.25857142857143
1990-02-28,9358.289,8.370526315789473,8.424736842105263,8.473157894736843,8.503684210526314
1990-03-31,9358.289,8.626818181818182,8.600454545454546,8.588636363636365,8.563181818181818
1990-04-01,9392.251,8.626818181818182,8.600454545454546,8.588636363636365,8.563181818181818
1990-04-30,9392.251,8.723999999999998,8.768,8.7855,8.755999999999997
1990-05-31,9392.251,8.642272727272728,8.73590909090909,8.758181818181818,8.731363636363637
1990-06-30,9392.251,8.35095238095238,8.43047619047619,8.480000000000002,8.457619047619048
1990-07-01,9398.499,8.35095238095238,8.43047619047619,8.480000000000002,8.457619047619048
1990-07-31,9398.499,8.157142857142858,8.33095238095238,8.471428571428573,8.498095238095239
1990-08-31,9398.499,8.061304347826086,8.436521739130434,8.752608695652174,8.863478260869565
1990-09-30,9398.499,8.079473684210527,8.513684210526316,8.893157894736841,9.028947368421054
1990-10-01,9312.937,8.079473684210527,8.513684210526316,8.893157894736841,9.028947368421054
1990-10-31,9312.937,7.877727272727273,8.327727272727273,8.719545454545454,8.857727272727272
1990-11-30,9312.937,7.598500000000001,8.0225,8.392,8.540500000000002
1990-12-31,9312.937,7.314,7.7265,8.075,8.237
1991-01-01,9269.367,7.314,7.7265,8.075,8.237
1991-01-31,9269.367,7.125238095238095,7.699999999999998,8.092857142857143,8.26952380952381
1991-02-28,9269.367,6.866842105263159,7.472631578947366,7.854736842105262,8.034210526315789
1991-03-31,9269.367,7.103,7.772,8.110000000000001,8.288
1991-04-01,9341.642,7.103,7.772,8.110000000000001,8.288
1991-04-30,9341.642,6.948181818181819,7.700909090909089,8.039090909090909,8.209545454545452
1991-05-31,9341.642,6.783636363636364,7.701363636363635,8.067727272727272,8.267272727272728
1991-06-30,9341.642,6.956,7.936999999999999,8.284000000000002,8.471999999999998
1991-07-01,9388.845,6.956,7.936999999999999,8.284000000000002,8.471999999999998
1991-07-31,9388.845,6.917727272727273,7.911363636363637,8.272727272727272,8.452272727272726
1991-08-31,9388.845,6.4331818181818194,7.425,7.8999999999999995,8.143636363636364
1991-09-30,9388.845,6.181499999999999,7.135999999999998,7.650000000000001,7.948
1991-10-01,9421.565,6.181499999999999,7.135999999999998,7.650000000000001,7.948
1991-10-31,9421.565,5.912272727272728,6.871363636363637,7.527272727272727,7.9304545454545465
1991-11-30,9421.565,5.558947368421052,6.617894736842106,7.417368421052631,7.92157894736842
1991-12-31,9421.565,5.025714285714285,6.186190476190476,7.088571428571428,7.701904761904762
1992-01-01,9534.346,5.025714285714285,6.186190476190476,7.088571428571428,7.701904761904762
1992-01-31,9534.346,4.958095238095238,6.242857142857143,7.032380952380953,7.581904761904763
1992-02-29,9534.346,5.212105263157894,6.577894736842105,7.337894736842106,7.8547368421052655
1992-03-31,9534.346,5.6850000000000005,6.945454545454544,7.542272727272726,7.969545454545454
1992-04-01,9637.732,5.6850000000000005,6.945454545454544,7.542272727272726,7.969545454545454
1992-04-30,9637.732,5.344285714285713,6.784285714285714,7.480476190476191,7.962380952380952
1992-05-31,9637.732,5.2254999999999985,6.6925,7.392000000000001,7.891
1992-06-30,9637.732,5.048181818181817,6.482727272727273,7.26181818181818,7.841818181818181
1992-07-01,9732.979,5.048181818181817,6.482727272727273,7.26181818181818,7.841818181818181
1992-07-31,9732.979,4.3554545454545455,5.836818181818182,6.844545454545455,7.5981818181818195
1992-08-31,9732.979,4.192857142857143,5.596190476190476,6.585714285714286,7.390476190476188
1992-09-30,9732.979,3.8942857142857137,5.38,6.415238095238097,7.340952380952382
1992-10-01,9834.51,3.8942857142857137,5.38,6.415238095238097,7.340952380952382
1992-10-31,9834.51,4.082857142857142,5.600476190476191,6.589047619047619,7.531904761904761
1992-11-30,9834.51,4.579473684210527,6.037894736842105,6.873157894736842,7.606842105263159
1992-12-31,9834.51,4.673636363636363,6.07590909090909,6.769999999999999,7.436363636363637
1993-01-01,9850.973,4.673636363636363,6.07590909090909,6.769999999999999,7.436363636363637
1993-01-31,9850.973,4.39,5.8336842105263145,6.6,7.341578947368421
1993-02-28,9850.973,4.09842105263158,5.428947368421054,6.258947368421054,7.0894736842105255
1993-03-31,9850.973,3.9495652173913043,5.194782608695653,5.975217391304348,6.821739130434783
1993-04-01,9908.347,3.9495652173913043,5.194782608695653,5.975217391304348,6.821739130434783
1993-04-30,9908.347,3.837619047619048,5.1328571428571435,5.969523809523809,6.854285714285714
1993-05-31,9908.347,3.9769999999999994,5.1979999999999995,6.0355,6.919
1993-06-30,9908.347,4.163636363636364,5.216818181818181,5.962727272727272,6.807272727272727
1993-07-01,9955.641,4.163636363636364,5.216818181818181,5.962727272727272,6.807272727272727
1993-07-31,9955.641,4.071904761904762,5.0909523809523805,5.805238095238097,6.6257142857142854
1993-08-31,9955.641,4.001363636363636,5.0249999999999995,5.677727272727274,6.323181818181819
1993-09-30,9955.641,3.8471428571428583,4.734761904761904,5.36,5.997142857142857
1993-10-01,10091.049,3.8471428571428583,4.734761904761904,5.36,5.997142857142857
1993-10-31,10091.049,3.8745,4.707000000000001,5.333999999999999,5.938999999999999
1993-11-30,10091.049,4.1555,5.063,5.724000000000001,6.210000000000001
1993-12-31,10091.049,4.212272727272729,5.146818181818182,5.7740909090909085,6.251818181818181
1994-01-01,10188.954,4.212272727272729,5.146818181818182,5.7740909090909085,6.251818181818181
1994-01-31,10188.954,4.14,5.087,5.750500000000001,6.2909999999999995
1994-02-28,10188.954,4.474210526315789,5.395263157894736,5.9731578947368416,6.490526315789474
1994-03-31,10188.954,4.995217391304348,5.941304347826086,6.482608695652175,6.906521739130435
1994-04-01,10327.019,4.995217391304348,5.941304347826086,6.482608695652175,6.906521739130435
1994-04-30,10327.019,5.549473684210528,6.52421052631579,6.972105263157893,7.2689473684210535
1994-05-31,10327.019,5.968095238095238,6.779999999999999,7.183333333333333,7.412380952380951
1994-06-30,10327.019,5.931363636363637,6.695454545454546,7.101363636363635,7.395
1994-07-01,10387.382,5.931363636363637,6.695454545454546,7.101363636363635,7.395
1994-07-31,10387.382,6.129999999999999,6.9094999999999995,7.298,7.578999999999999
1994-08-31,10387.382,6.177391304347825,6.877826086956523,7.236086956521739,7.486086956521742
1994-09-30,10387.382,6.392380952380951,7.083333333333333,7.4571428571428555,7.712380952380952
1994-10-01,10506.372,6.392380952380951,7.083333333333333,7.4571428571428555,7.712380952380952
1994-10-31,10506.372,6.728500000000001,7.402999999999999,7.744,7.9350000000000005
1994-11-30,10506.372,7.1485,7.717500000000001,7.955,8.081500000000002
1994-12-31,10506.372,7.58952380952381,7.776190476190478,7.813809523809524,7.871428571428571
1995-01-01,10543.644,7.58952380952381,7.776190476190478,7.813809523809524,7.871428571428571
1995-01-31,10543.644,7.506999999999998,7.7559999999999985,7.779499999999999,7.846500000000001
1995-02-28,10543.644,7.111578947368422,7.365789473684211,7.469473684210527,7.6115789473684226
1995-03-31,10543.644,6.775652173913042,7.047391304347829,7.204782608695651,7.447826086956522
1995-04-01,10575.1,6.775652173913042,7.047391304347829,7.204782608695651,7.447826086956522
1995-04-30,10575.1,6.567894736842104,6.860000000000002,7.06263157894737,7.360526315789475
1995-05-31,10575.1,6.170909090909091,6.414545454545456,6.632727272727272,6.9499999999999975
1995-06-30,10575.1,5.715909090909092,5.928636363636364,6.168181818181818,6.57318181818182
1995-07-01,10665.06,5.715909090909092,5.928636363636364,6.168181818181818,6.57318181818182
1995-07-31,10665.06,5.779999999999999,6.008500000000001,6.2780000000000005,6.721000000000001
1995-08-31,10665.06,5.980869565217391,6.24391304347826,6.488260869565219,6.860434782608695
1995-09-30,10665.06,5.805999999999999,6.0015,6.1975,6.5489999999999995
1995-10-01,10737.478,5.805999999999999,6.0015,6.1975,6.5489999999999995
1995-10-31,10737.478,5.6971428571428575,5.862857142857143,6.044761904761906,6.374761904761904
1995-11-30,10737.478,5.479047619047618,5.694285714285714,5.930476190476189,6.262857142857142
1995-12-31,10737.478,5.3245000000000005,5.513499999999999,5.711499999999999,6.062500000000001
1996-01-01,10817.896,5.3245000000000005,5.513499999999999,5.711499999999999,6.062500000000001
1996-01-31,10817.896,5.112380952380952,5.362380952380953,5.652380952380953,6.051904761904763
1996-02-29,10817.896,5.025499999999999,5.3795,5.8055,6.242000000000001
1996-03-31,10817.896,5.66095238095238,5.9661904761904765,6.268571428571428,6.604285714285714
1996-04-01,10998.322,5.66095238095238,5.9661904761904765,6.268571428571428,6.604285714285714
1996-04-30,10998.322,5.957272727272727,6.300909090909091,6.511363636363637,6.794090909090909
1996-05-31,10998.322,6.095,6.483181818181818,6.736818181818182,6.927727272727273
1996-06-30,10998.322,6.296999999999999,6.689499999999998,6.911999999999999,7.059000000000002
1996-07-01,11096.976,6.296999999999999,6.689499999999998,6.911999999999999,7.059000000000002
1996-07-31,11096.976,6.270000000000001,6.635909090909092,6.865454545454546,7.033181818181819
1996-08-31,11096.976,6.029090909090908,6.38909090909091,6.6354545454545475,6.841818181818183
1996-09-30,11096.976,6.234,6.5969999999999995,6.831999999999999,7.025999999999999
1996-10-01,11212.205,6.234,6.5969999999999995,6.831999999999999,7.025999999999999
1996-10-31,11212.205,5.912727272727273,6.270454545454546,6.533636363636364,6.808636363636364
1996-11-30,11212.205,5.7015789473684215,5.973157894736842,6.203684210526316,6.481578947368421
1996-12-31,11212.205,5.7819047619047605,6.068095238095237,6.302380952380952,6.552380952380953
1997-01-01,11284.587,5.7819047619047605,6.068095238095237,6.302380952380952,6.552380952380953
1997-01-31,11284.587,6.008095238095239,6.333333333333332,6.579047619047619,6.826666666666666
1997-02-28,11284.587,5.898421052631579,6.198947368421052,6.419473684210526,6.687894736842104
1997-03-31,11284.587,6.222,6.536999999999999,6.6945,6.932499999999997
1997-04-01,11472.137,6.222,6.536999999999999,6.6945,6.932499999999997
1997-04-30,11472.137,6.448181818181817,6.75909090909091,6.885454545454547,7.092727272727273
1997-05-31,11472.137,6.276666666666666,6.567619047619049,6.71095238095238,6.935714285714285
1997-06-30,11472.137,6.094761904761905,6.375238095238096,6.493809523809525,6.772380952380952
1997-07-01,11615.636,6.094761904761905,6.375238095238096,6.493809523809525,6.772380952380952
1997-07-31,11615.636,5.8909090909090915,6.120909090909091,6.220454545454545,6.51
1997-08-31,11615.636,5.93904761904762,6.159999999999999,6.298571428571426,6.578571428571429
1997-09-30,11615.636,5.881904761904762,6.106190476190474,6.208571428571428,6.495238095238094
1997-10-01,11715.393,5.881904761904762,6.106190476190474,6.208571428571428,6.495238095238094
1997-10-31,11715.393,5.771818181818182,5.928181818181819,6.029545454545456,6.326363636363637
1997-11-30,11715.393,5.712777777777778,5.803888888888888,5.874999999999999,6.109444444444446
1997-12-31,11715.393,5.715,5.7731818181818175,5.8086363636363645,5.99
1998-01-01,11832.486,5.715,5.7731818181818175,5.8086363636363645,5.99
1998-01-31,11832.486,5.356999999999999,5.416,5.544500000000001,5.811000000000002
1998-02-28,11832.486,5.417894736842104,5.4926315789473685,5.574736842105264,5.8910526315789475
1998-03-31,11832.486,5.561363636363636,5.611818181818183,5.647272727272727,5.948181818181817
1998-04-01,11942.032,5.561363636363636,5.611818181818183,5.647272727272727,5.948181818181817
1998-04-30,11942.032,5.564285714285712,5.611904761904762,5.637619047619048,5.923809523809524
1998-05-31,11942.032,5.593500000000001,5.628,5.652500000000002,5.9265
1998-06-30,11942.032,5.52,5.524090909090909,5.496363636363635,5.703636363636364
1998-07-01,12091.614,5.52,5.524090909090909,5.496363636363635,5.703636363636364
1998-07-31,12091.614,5.458181818181817,5.461363636363635,5.461363636363637,5.676818181818181
1998-08-31,12091.614,5.26857142857143,5.2747619047619025,5.341904761904762,5.5404761904761894
1998-09-30,12091.614,4.666190476190475,4.623809523809524,4.806666666666667,5.204761904761905
1998-10-01,12287.0,4.666190476190475,4.623809523809524,4.806666666666667,5.204761904761905
1998-10-31,12287.0,4.091904761904762,4.184285714285714,4.529999999999999,5.01047619047619
1998-11-30,12287.0,4.54,4.537368421052631,4.827368421052632,5.248421052631579
1998-12-31,12287.0,4.506363636363637,4.449999999999999,4.6450000000000005,5.05909090909091
1999-01-01,12403.293,4.506363636363637,4.449999999999999,4.6450000000000005,5.05909090909091
1999-01-31,12403.293,4.615263157894737,4.600526315789473,4.7221052631578955,5.157894736842105
1999-02-28,12403.293,4.876315789473684,4.914736842105263,4.998947368421053,5.365263157894737
1999-03-31,12403.293,5.053043478260869,5.140434782608696,5.232608695652173,5.580434782608696
1999-04-01,12498.694,5.053043478260869,5.140434782608696,5.232608695652173,5.580434782608696
1999-04-30,12498.694,4.9768181818181825,5.079545454545454,5.184545454545454,5.547727272727272
1999-05-31,12498.694,5.254499999999999,5.436999999999999,5.539499999999999,5.8055
1999-06-30,12498.694,5.618636363636364,5.8090909090909095,5.899545454545454,6.041818181818181
1999-07-01,12662.385,5.618636363636364,5.8090909090909095,5.899545454545454,6.041818181818181
1999-07-31,12662.385,5.554761904761905,5.67857142857143,5.791904761904762,5.983333333333334
1999-08-31,12662.385,5.678181818181819,5.841363636363638,5.9390909090909085,6.068636363636363
1999-09-30,12662.385,5.661904761904762,5.801904761904764,5.915238095238096,6.07142857142857
1999-10-01,12877.593,5.661904761904762,5.801904761904764,5.915238095238096,6.07142857142857
1999-10-31,12877.593,5.8625,6.033499999999999,6.111999999999999,6.2635
1999-11-30,12877.593,5.862000000000001,5.968999999999999,6.034000000000001,6.1450000000000005
1999-12-31,12877.593,6.104545454545454,6.186363636363637,6.2754545454545445,6.351363636363636
2000-01-01,12924.179,6.104545454545454,6.186363636363637,6.2754545454545445,6.351363636363636
2000-01-31,12924.179,6.4399999999999995,6.579500000000001,6.661000000000001,6.6255
2000-02-29,12924.179,6.610499999999997,6.678,6.519499999999999,6.232
2000-03-31,12924.179,6.528260869565218,6.503913043478261,6.256521739130435,6.053478260869565
2000-04-01,13160.842,6.528260869565218,6.503913043478261,6.256521739130435,6.053478260869565
2000-04-30,13160.842,6.403684210526315,6.262631578947369,5.990526315789474,5.846315789473684
2000-05-31,13160.842,6.809545454545455,6.687727272727272,6.440454545454545,6.148636363636364
2000-06-30,13160.842,6.4818181818181815,6.300909090909093,6.097272727272727,5.926363636363636
2000-07-01,13178.419,6.4818181818181815,6.300909090909093,6.097272727272727,5.926363636363636
2000-07-31,13178.419,6.338999999999999,6.179,6.054000000000001,5.851000000000001
2000-08-31,13178.419,6.228695652173912,6.0608695652173905,5.826086956521739,5.716086956521738
2000-09-30,13178.419,6.0815,5.934500000000001,5.799,5.826500000000001
2000-10-01,13260.506,6.0815,5.934500000000001,5.799,5.826500000000001
2000-10-31,13260.506,5.9123809523809525,5.782857142857144,5.738571428571428,5.803333333333333
2000-11-30,13260.506,5.875238095238096,5.697619047619048,5.717142857142857,5.775714285714286
2000-12-31,13260.506,5.3519999999999985,5.167999999999999,5.2405,5.490499999999999
2001-01-01,13222.69,5.3519999999999985,5.167999999999999,5.2405,5.490499999999999
2001-01-31,13222.69,4.760000000000001,4.8585714285714285,5.160952380952382,5.5409523809523815
2001-02-28,13222.69,4.656842105263157,4.8863157894736835,5.098947368421053,5.454736842105262
2001-03-31,13222.69,4.342272727272726,4.642727272727273,4.885454545454545,5.339545454545455
2001-04-01,13299.984,4.342272727272726,4.642727272727273,4.885454545454545,5.339545454545455
2001-04-30,13299.984,4.234,4.7635,5.141,5.646000000000001
2001-05-31,13299.984,4.260000000000001,4.927727272727273,5.391363636363636,5.780000000000001
2001-06-30,13299.984,4.08,4.807142857142857,5.284285714285714,5.66952380952381
2001-07-01,13244.784,4.08,4.807142857142857,5.284285714285714,5.66952380952381
2001-07-31,13244.784,4.038571428571428,4.761904761904761,5.236190476190475,5.613333333333333
2001-08-31,13244.784,3.757391304347826,4.57391304347826,4.971304347826086,5.483478260869566
2001-09-30,13244.784,3.1188235294117646,4.11529411764706,4.731764705882353,5.482941176470588
2001-10-01,13280.859,3.1188235294117646,4.11529411764706,4.731764705882353,5.482941176470588
2001-10-31,13280.859,2.725909090909091,3.9099999999999993,4.566818181818181,5.315454545454544
2001-11-30,13280.859,2.7824999999999998,3.9724999999999993,4.6515,5.117999999999999
2001-12-31,13280.859,3.1069999999999998,4.389499999999999,5.0875,5.4799999999999995
2002-01-01,13397.002,3.1069999999999998,4.389499999999999,5.0875,5.4799999999999995
2002-01-31,13397.002,3.028095238095238,4.34,5.035714285714285,5.4452380952380945
2002-02-28,13397.002,3.0152631578947364,4.298421052631579,4.911578947368421,5.400909090909091
2002-03-31,13397.002,3.5575,4.737999999999999,5.284,0.0
2002-04-01,13478.152,3.5575,4.737999999999999,5.284,0.0
2002-04-30,13478.152,3.4227272727272724,4.6468181818181815,5.21090909090909,0.0
2002-05-31,13478.152,3.264090909090909,4.494545454545453,5.164545454545453,0.0
2002-06-30,13478.152,2.9930000000000003,4.186,4.9265,0.0
2002-07-01,13538.072,2.9930000000000003,4.186,4.9265,0.0
2002-07-31,13538.072,2.5568181818181817,3.8072727272727267,4.653181818181819,0.0
2002-08-31,13538.072,2.1336363636363633,3.294545454545454,4.257272727272727,0.0
2002-09-30,13538.072,2.0044999999999997,2.9379999999999997,3.8699999999999997,0.0
2002-10-01,13559.032,2.0044999999999997,2.9379999999999997,3.8699999999999997,0.0
2002-10-31,13559.032,1.9118181818181819,2.9450000000000003,3.940909090909091,0.0
2002-11-30,13559.032,1.923157894736842,3.0547368421052634,4.048421052631579,0.0
2002-12-31,13559.032,1.8361904761904764,3.0333333333333337,4.032380952380952,0.0
2003-01-01,13634.253,1.8361904761904764,3.0333333333333337,4.032380952380952,0.0
2003-01-31,13634.253,1.7433333333333334,3.052380952380952,4.048571428571429,0.0
2003-02-28,13634.253,1.6278947368421053,2.897894736842105,3.902631578947368,0.0
2003-03-31,13634.253,1.5738095238095238,2.7838095238095235,3.8071428571428574,0.0
2003-04-01,13751.543,1.5738095238095238,2.7838095238095235,3.8071428571428574,0.0
2003-04-30,13751.543,1.6223809523809525,2.928571428571429,3.958571428571428,0.0
2003-05-31,13751.543,1.4152380952380952,2.5157142857142856,3.5690476190476197,0.0
2003-06-30,13751.543,1.227142857142857,2.2657142857142865,3.334285714285715,0.0
2003-07-01,13985.073,1.227142857142857,2.2657142857142865,3.334285714285715,0.0
2003-07-31,13985.073,1.4740909090909087,2.8722727272727275,3.975454545454545,0.0
2003-08-31,13985.073,1.8642857142857143,3.3699999999999997,4.445238095238095,0.0
2003-09-30,13985.073,1.706190476190476,3.1847619047619045,4.274285714285715,0.0
2003-10-01,14145.645,1.706190476190476,3.1847619047619045,4.274285714285715,0.0
2003-10-31,14145.645,1.7477272727272728,3.185909090909091,4.290454545454545,0.0
2003-11-30,14145.645,1.9266666666666667,3.2872222222222227,4.300000000000001,0.0
2003-12-31,14145.645,1.907272727272727,3.268636363636364,4.267727272727273,0.0
2004-01-01,14221.147,1.907272727272727,3.268636363636364,4.267727272727273,0.0
2004-01-31,14221.147,1.7610000000000003,3.1215,4.150499999999999,0.0
2004-02-29,14221.147,1.7400000000000002,3.067894736842105,4.084210526315789,0.0
2004-03-31,14221.147,1.577826086956522,2.78695652173913,3.826521739130435,0.0
2004-04-01,14329.523,1.577826086956522,2.78695652173913,3.826521739130435,0.0
2004-04-30,14329.523,2.0709523809523813,3.38952380952381,4.347619047619047,0.0
2004-05-31,14329.523,2.5334999999999996,3.8504999999999994,4.7155000000000005,0.0
2004-06-30,14329.523,2.763333333333333,3.929047619047619,4.733809523809525,0.0
2004-07-01,14464.984,2.763333333333333,3.929047619047619,4.733809523809525,0.0
2004-07-31,14464.984,2.638571428571429,3.6885714285714277,4.498095238095239,0.0
2004-08-31,14464.984,2.508181818181818,3.474545454545455,4.281363636363636,0.0
2004-09-30,14464.984,2.525238095238095,3.355238095238095,4.1257142857142854,0.0
2004-10-01,14609.876,2.525238095238095,3.355238095238095,4.1257142857142854,0.0
2004-10-31,14609.876,2.5845,3.3474999999999993,4.0969999999999995,0.0
2004-11-30,14609.876,2.8520000000000003,3.525,4.194000000000001,0.0
2004-12-31,14609.876,3.011818181818182,3.598181818181818,4.2309090909090905,0.0
2005-01-01,14771.602,3.011818181818182,3.598181818181818,4.2309090909090905,0.0
2005-01-31,14771.602,3.222500000000001,3.7069999999999994,4.221500000000001,0.0
2005-02-28,14771.602,3.3847368421052635,3.7663157894736843,4.165263157894737,0.0
2005-03-31,14771.602,3.7268181818181816,4.165454545454545,4.497727272727271,0.0
2005-04-01,14839.782,3.7268181818181816,4.165454545454545,4.497727272727271,0.0
2005-04-30,14839.782,3.653809523809523,3.9985714285714278,4.3409523809523805,0.0
2005-05-31,14839.782,3.643809523809524,3.852857142857142,4.144285714285714,0.0
2005-06-30,14839.782,3.6404545454545456,3.772272727272727,3.9981818181818185,0.0
2005-07-01,14972.054,3.6404545454545456,3.772272727272727,3.9981818181818185,0.0
2005-07-31,14972.054,3.8709999999999996,3.9790000000000005,4.1775,0.0
2005-08-31,14972.054,4.044347826086956,4.122173913043479,4.262608695652174,0.0
2005-09-30,14972.054,3.9461904761904765,4.006190476190476,4.19904761904762,0.0
2005-10-01,15066.597,3.9461904761904765,4.006190476190476,4.19904761904762,0.0
2005-10-31,15066.597,4.271,4.3285,4.463500000000001,0.0
2005-11-30,15066.597,4.4165,4.4525,4.534999999999999,0.0
2005-12-31,15066.597,4.404285714285714,4.392380952380952,4.467142857142857,0.0
2006-01-01,15267.026,4.404285714285714,4.392380952380952,4.467142857142857,0.0
2006-01-31,15267.026,4.395499999999999,4.3454999999999995,4.416,0.0
2006-02-28,15267.026,4.668421052631577,4.572105263157895,4.568947368421052,4.536923076923077
2006-03-31,15267.026,4.73391304347826,4.716086956521739,4.7239130434782615,4.734347826086958
2006-04-01,15302.705,4.73391304347826,4.716086956521739,4.7239130434782615,4.734347826086958
2006-04-30,15302.705,4.888947368421054,4.902105263157895,4.990526315789474,5.062631578947369
2006-05-31,15302.705,4.968181818181818,4.997727272727271,5.11,5.201363636363634
2006-06-30,15302.705,5.121818181818181,5.0672727272727265,5.106363636363636,5.154090909090909
2006-07-01,15326.368,5.121818181818181,5.0672727272727265,5.106363636363636,5.154090909090909
2006-07-31,15326.368,5.118499999999999,5.039999999999999,5.0875,5.134499999999998
2006-08-31,15326.368,4.903478260869565,4.822173913043478,4.876521739130435,4.996086956521737
2006-09-30,15326.368,4.768999999999999,4.6674999999999995,4.719,4.851999999999999
2006-10-01,15456.928,4.768999999999999,4.6674999999999995,4.719,4.851999999999999
2006-10-31,15456.928,4.795714285714286,4.686666666666666,4.72904761904762,4.854761904761904
2006-11-30,15456.928,4.7404761904761905,4.582380952380953,4.595238095238095,4.685714285714286
2006-12-31,15456.928,4.673499999999999,4.5329999999999995,4.5645,4.682500000000001
2007-01-01,15493.328,4.673499999999999,4.5329999999999995,4.5645,4.682500000000001
2007-01-31,15493.328,4.876190476190477,4.752857142857143,4.7595238095238095,4.851904761904761
2007-02-28,15493.328,4.848947368421054,4.710526315789473,4.722631578947369,4.821578947368422
2007-03-31,15493.328,4.573636363636362,4.4809090909090905,4.5645454545454545,4.721818181818182
2007-04-01,15582.085,4.573636363636362,4.4809090909090905,4.5645454545454545,4.721818181818182
2007-04-30,15582.085,4.666190476190476,4.593333333333334,4.693809523809523,4.866190476190476
2007-05-31,15582.085,4.766363636363637,4.667272727272728,4.746363636363636,4.901363636363637
2007-06-30,15582.085,4.980476190476191,5.026190476190475,5.102857142857142,5.203333333333333
2007-07-01,15666.738,4.980476190476191,5.026190476190475,5.102857142857142,5.203333333333333
2007-07-31,15666.738,4.819047619047619,4.884761904761904,5.0042857142857144,5.108095238095238
2007-08-31,15666.738,4.3130434782608695,4.432173913043478,4.6747826086956525,4.932173913043478
2007-09-30,15666.738,4.011578947368421,4.198947368421053,4.52157894736842,4.793157894736842
2007-10-01,15761.967,4.011578947368421,4.198947368421053,4.52157894736842,4.793157894736842
2007-10-31,15761.967,3.967727272727272,4.198181818181819,4.527727272727272,4.7736363636363635
2007-11-30,15761.967,3.3365,3.6670000000000003,4.1485,4.5200000000000005
2007-12-31,15761.967,3.117,3.4875,4.0975,4.527
2008-01-01,15671.383,3.117,3.4875,4.0975,4.527
2008-01-31,15671.383,2.4757142857142855,2.9804761904761903,3.7442857142857147,4.33047619047619
2008-02-29,15671.383,1.9729999999999996,2.779,3.7375,4.5169999999999995
2008-03-31,15671.383,1.6169999999999998,2.4835000000000003,3.5100000000000002,4.392999999999999
2008-04-01,15752.308,1.6169999999999998,2.4835000000000003,3.5100000000000002,4.392999999999999
2008-04-30,15752.308,2.047272727272727,2.8413636363636368,3.675,4.443181818181817
2008-05-31,15752.308,2.4457142857142857,3.1533333333333324,3.880000000000001,4.596190476190476
2008-06-30,15752.308,2.7738095238095237,3.485238095238095,4.0995238095238085,4.68904761904762
2008-07-01,15667.032,2.7738095238095237,3.485238095238095,4.0995238095238085,4.68904761904762
2008-07-31,15667.032,2.5731818181818182,3.303181818181818,4.007727272727273,4.570909090909091
2008-08-31,15667.032,2.4204761904761902,3.141904761904762,3.885714285714286,4.501904761904761
2008-09-30,15667.032,2.076190476190477,2.8842857142857143,3.6861904761904754,4.269047619047619
2008-10-01,15328.027,2.076190476190477,2.8842857142857143,3.6861904761904754,4.269047619047619
2008-10-31,15328.027,1.6122727272727275,2.7263636363636365,3.8140909090909094,4.173181818181818
2008-11-30,15328.027,1.2127777777777777,2.2916666666666665,3.5266666666666673,4.004444444444446
2008-12-31,15328.027,0.820909090909091,1.521818181818182,2.4163636363636374,2.87
2009-01-01,15155.94,0.820909090909091,1.521818181818182,2.4163636363636374,2.87
2009-01-31,15155.94,0.807,1.5965000000000003,2.517499999999999,3.1279999999999997
2009-02-28,15155.94,0.9752631578947369,1.8715789473684208,2.8700000000000006,3.5868421052631576
2009-03-31,15155.94,0.9313636363636363,1.8159090909090911,2.819545454545455,3.6431818181818176
2009-04-01,15134.117,0.9313636363636363,1.8159090909090911,2.819545454545455,3.6431818181818176
2009-04-30,15134.117,0.927142857142857,1.8580952380952382,2.927142857142857,3.76
2009-05-31,15134.117,0.9295,2.1339999999999995,3.2930000000000006,4.227000000000001
2009-06-30,15134.117,1.1840909090909093,2.705909090909091,3.7218181818181817,4.516363636363636
2009-07-01,15189.222,1.1840909090909093,2.705909090909091,3.7218181818181817,4.516363636363636
2009-07-31,15189.222,1.0190909090909093,2.462727272727273,3.5622727272727275,4.406818181818182
2009-08-31,15189.222,1.1152380952380954,2.570952380952381,3.587142857142857,4.370952380952381
2009-09-30,15189.222,0.9561904761904761,2.369047619047619,3.401904761904762,4.185714285714286
2009-10-01,15356.058,0.9561904761904761,2.369047619047619,3.401904761904762,4.185714285714286
2009-10-31,15356.058,0.9490476190476189,2.3328571428571427,3.3876190476190478,4.1885714285714295
2009-11-30,15356.058,0.8031578947368421,2.230526315789474,3.402631578947368,4.314736842105263
2009-12-31,15356.058,0.8745454545454546,2.3404545454545453,3.589999999999999,4.493636363636363
2010-01-01,15415.145,0.8745454545454546,2.3404545454545453,3.589999999999999,4.493636363636363
2010-01-31,15415.145,0.9289473684210525,2.4842105263157896,3.7331578947368427,4.604736842105263
2010-02-28,15415.145,0.8568421052631577,2.363684210526315,3.691052631578947,4.619473684210526
2010-03-31,15415.145,0.958695652173913,2.433043478260869,3.7273913043478255,4.644782608695651
2010-04-01,15557.277,0.958695652173913,2.433043478260869,3.7273913043478255,4.644782608695651
2010-04-30,15557.277,1.0604545454545458,2.581363636363637,3.8468181818181817,4.693181818181819
2010-05-31,15557.277,0.8305,2.1799999999999997,3.4199999999999995,4.286
2010-06-30,15557.277,0.7245454545454545,1.9963636363636363,3.2040909090909095,4.127727272727272
2010-07-01,15671.967,0.7245454545454545,1.9963636363636363,3.2040909090909095,4.127727272727272
2010-07-31,15671.967,0.6166666666666666,1.7628571428571433,3.0114285714285716,3.994285714285714
2010-08-31,15671.967,0.5204545454545455,1.4654545454545451,2.6986363636363637,3.8031818181818178
2010-09-30,15671.967,0.4799999999999999,1.4104761904761904,2.6476190476190475,3.773333333333333
2010-10-01,15750.625,0.4799999999999999,1.4104761904761904,2.6476190476190475,3.773333333333333
2010-10-31,15750.625,0.376,1.1824999999999999,2.54,3.8724999999999996
2010-11-30,15750.625,0.4539999999999999,1.35,2.7630000000000003,4.186
2010-12-31,15750.625,0.6181818181818183,1.9345454545454543,3.2909090909090906,4.417727272727273
2011-01-01,15712.754,0.6181818181818183,1.9345454545454543,3.2909090909090906,4.417727272727273
2011-01-31,15712.754,0.6144999999999998,1.9944999999999997,3.3940000000000006,4.5230000000000015
2011-02-28,15712.754,0.7726315789473684,2.257894736842106,3.5763157894736834,4.652105263157895
2011-03-31,15712.754,0.6973913043478263,2.1134782608695653,3.414347826086956,4.5139130434782615
2011-04-01,15825.096,0.6973913043478263,2.1134782608695653,3.414347826086956,4.5139130434782615
2011-04-30,15825.096,0.7344999999999999,2.169,3.4549999999999996,4.5015
2011-05-31,15825.096,0.5552380952380954,1.8423809523809527,3.168571428571429,4.293333333333333
2011-06-30,15825.096,0.4104545454545454,1.5799999999999998,3.002272727272727,4.2327272727272724
2011-07-01,15820.7,0.4104545454545454,1.5799999999999998,3.002272727272727,4.2327272727272724
2011-07-31,15820.7,0.40650000000000003,1.541,3.003,4.2705
2011-08-31,15820.7,0.2304347826086957,1.021304347826087,2.303043478260869,3.6513043478260867
2011-09-30,15820.7,0.21142857142857144,0.9004761904761904,1.9752380952380955,3.182380952380953
2011-10-01,16004.107,0.21142857142857144,0.9004761904761904,1.9752380952380955,3.182380952380953
2011-10-31,16004.107,0.2805,1.0614999999999999,2.1519999999999997,3.128
2011-11-30,16004.107,0.25349999999999995,0.908,2.0134999999999996,3.0155000000000003
2011-12-31,16004.107,0.25714285714285723,0.8914285714285713,1.9780952380952384,2.9823809523809524
2012-01-01,16129.418,0.25714285714285723,0.8914285714285713,1.9780952380952384,2.9823809523809524
2012-01-31,16129.418,0.2405,0.835,1.9664999999999995,3.026
2012-02-29,16129.418,0.2779999999999999,0.8310000000000001,1.9674999999999998,3.109
2012-03-31,16129.418,0.3445454545454546,1.0172727272727273,2.1727272727272724,3.281363636363636
2012-04-01,16198.807,0.3445454545454546,1.0172727272727273,2.1727272727272724,3.281363636363636
2012-04-30,16198.807,0.29190476190476183,0.8947619047619045,2.0528571428571425,3.1842857142857137
2012-05-31,16198.807,0.285,0.7618181818181818,1.8031818181818189,2.930909090909091
2012-06-30,16198.807,0.2919047619047618,0.7114285714285714,1.6223809523809525,2.698095238095238
2012-07-01,16220.667,0.2919047619047618,0.7114285714285714,1.6223809523809525,2.698095238095238
2012-07-31,16220.667,0.24809523809523817,0.6195238095238095,1.5266666666666664,2.5900000000000003
2012-08-31,16220.667,0.268695652173913,0.7139130434782609,1.6782608695652175,2.7708695652173914
2012-09-30,16220.667,0.2552631578947368,0.6689473684210526,1.7231578947368422,2.8815789473684212
2012-10-01,16239.138,0.2552631578947368,0.6689473684210526,1.7231578947368422,2.8815789473684212
2012-10-31,16239.138,0.2771428571428571,0.7085714285714285,1.7461904761904758,2.90047619047619
2012-11-30,16239.138,0.26799999999999996,0.665,1.654,2.8034999999999997
2012-12-31,16239.138,0.257,0.6960000000000001,1.7189999999999999,2.8835
2013-01-01,16382.964,0.257,0.6960000000000001,1.7189999999999999,2.8835
2013-01-31,16382.964,0.26523809523809516,0.8052380952380951,1.9147619047619049,3.0804761904761913
2013-02-28,16382.964,0.2673684210526316,0.8463157894736841,1.9842105263157896,3.165263157894737
2013-03-31,16382.964,0.256,0.8185000000000002,1.9575,3.1625000000000005
2013-04-01,16403.18,0.256,0.8185000000000002,1.9575,3.1625000000000005
2013-04-30,16403.18,0.23227272727272738,0.7104545454545454,1.7590909090909093,2.9327272727272726
2013-05-31,16403.18,0.2504545454545454,0.840909090909091,1.9281818181818182,3.112727272727273
2013-06-30,16403.18,0.3335,1.2035,2.3000000000000003,3.400000000000001
2013-07-01,16531.685,0.3335,1.2035,2.3000000000000003,3.400000000000001
2013-07-31,16531.685,0.3409090909090909,1.4031818181818183,2.5822727272727275,3.605
2013-08-31,16531.685,0.3563636363636364,1.5204545454545455,2.7372727272727273,3.757727272727273
2013-09-30,16531.685,0.4039999999999999,1.5959999999999999,2.8095,3.7870000000000004
2013-10-01,16663.649,0.4039999999999999,1.5959999999999999,2.8095,3.7870000000000004
2013-10-31,16663.649,0.3354545454545454,1.366818181818182,2.615909090909091,3.6759090909090903
2013-11-30,16663.649,0.30368421052631583,1.3710526315789473,2.7184210526315793,3.7999999999999985
2013-12-31,16663.649,0.33999999999999997,1.5761904761904764,2.901904761904762,3.889047619047619
2014-01-01,16616.54,0.33999999999999997,1.5761904761904764,2.901904761904762,3.889047619047619
2014-01-31,16616.54,0.39380952380952394,1.6466666666666665,2.858095238095238,3.76904761904762
2014-02-28,16616.54,0.3268421052631579,1.5157894736842106,2.7094736842105265,3.6626315789473685
2014-03-31,16616.54,0.3990476190476191,1.6395238095238096,2.7233333333333327,3.6209523809523807
2014-04-01,16841.475,0.3990476190476191,1.6395238095238096,2.7233333333333327,3.6209523809523807
2014-04-30,16841.475,0.41714285714285704,1.7009523809523805,2.705238095238095,3.5176190476190476
2014-05-31,16841.475,0.38904761904761903,1.5928571428571427,2.559047619047619,3.3899999999999997
2014-06-30,16841.475,0.45238095238095244,1.679047619047619,2.5985714285714288,3.4199999999999995
2014-07-01,17047.098,0.45238095238095244,1.679047619047619,2.5985714285714288,3.4199999999999995
2014-07-31,17047.098,0.5063636363636362,1.699545454545455,2.542272727272727,3.3318181818181816
2014-08-31,17047.098,0.47238095238095246,1.6314285714285717,2.42,3.2009523809523808
2014-09-30,17047.098,0.5666666666666667,1.7738095238095242,2.5342857142857147,3.26
2014-10-01,17143.038,0.5666666666666667,1.7738095238095242,2.5342857142857147,3.26
2014-10-31,17143.038,0.4454545454545455,1.5459090909090911,2.304090909090909,3.039999999999999
2014-11-30,17143.038,0.5272222222222224,1.6205555555555557,2.325555555555556,3.038333333333333
2014-12-31,17143.038,0.6354545454545456,1.64,2.2072727272727275,2.8331818181818185
2015-01-01,17277.58,0.6354545454545456,1.64,2.2072727272727275,2.8331818181818185
2015-01-31,17277.58,0.5515000000000001,1.3744999999999998,1.8814999999999997,2.455
2015-02-28,17277.58,0.6189473684210527,1.472631578947368,1.9752631578947366,2.566315789473684
2015-03-31,17277.58,0.6404545454545455,1.5190909090909088,2.042727272727273,2.626363636363636
2015-04-01,17405.669,0.6404545454545455,1.5190909090909088,2.042727272727273,2.626363636363636
2015-04-30,17405.669,0.54,1.3545454545454545,1.9349999999999996,2.5859090909090905
2015-05-31,17405.669,0.609,1.5385000000000002,2.1975000000000002,2.9550000000000005
2015-06-30,17405.669,0.6886363636363636,1.6836363636363636,2.3636363636363638,3.1118181818181814
2015-07-01,17463.222,0.6886363636363636,1.6836363636363636,2.3636363636363638,3.1118181818181814
2015-07-31,17463.222,0.6677272727272727,1.632272727272727,2.3245454545454547,3.066363636363636
2015-08-31,17463.222,0.6976190476190476,1.5414285714285714,2.167142857142857,2.8557142857142854
2015-09-30,17463.222,0.7133333333333333,1.4900000000000002,2.1728571428571435,2.9528571428571433
2015-10-01,17468.902,0.7133333333333333,1.4900000000000002,2.1728571428571435,2.9528571428571433
2015-10-31,17468.902,0.6447619047619048,1.3857142857142857,2.0699999999999994,2.8880952380952376
2015-11-30,17468.902,0.884736842105263,1.6710526315789473,2.2631578947368416,3.03
2015-12-31,17468.902,0.9827272727272728,1.6986363636363635,2.2427272727272736,2.97
2016-01-01,17556.839,0.9827272727272728,1.6986363636363635,2.2427272727272736,2.97
2016-01-31,17556.839,0.8994736842105263,1.5184210526315787,2.085263157894737,2.8584210526315785
2016-02-29,17556.839,0.7335,1.222,1.7794999999999999,2.623
2016-03-31,17556.839,0.875,1.3759090909090912,1.889090909090909,2.6845454545454546
2016-04-01,17639.417,0.875,1.3759090909090912,1.889090909090909,2.6845454545454546
2016-04-30,17639.417,0.768095238095238,1.2580952380952382,1.8052380952380953,2.6233333333333335
2016-05-31,17639.417,0.8161904761904762,1.3004761904761903,1.8061904761904766,2.627619047619048
2016-06-30,17639.417,0.7313636363636362,1.1663636363636367,1.6440909090909095,2.452272727272727
2016-07-01,17735.074,0.7313636363636362,1.1663636363636367,1.6440909090909095,2.452272727272727
2016-07-31,17735.074,0.6725000000000001,1.0715,1.504,2.227
2016-08-31,17735.074,0.7373913043478261,1.1330434782608694,1.5565217391304347,2.261739130434783
2016-09-30,17735.074,0.7709523809523808,1.178095238095238,1.6304761904761906,2.350476190476191
2016-10-01,17824.231,0.7709523809523808,1.178095238095238,1.6304761904761906,2.350476190476191
2016-10-31,17824.231,0.843,1.2719999999999998,1.7645000000000004,2.5004999999999997
2016-11-30,17824.231,0.9795,1.596,2.142,2.8620000000000005
2016-12-31,17824.231,1.1966666666666665,1.9590476190476194,2.491904761904762,3.1133333333333324
2017-01-01,17925.256,1.1966666666666665,1.9590476190476194,2.491904761904762,3.1133333333333324
2017-01-31,17925.256,1.2065,1.9164999999999996,2.4325,3.0189999999999997
2017-02-28,17925.256,1.201052631578947,1.9015789473684213,2.4189473684210525,3.0321052631578946
2017-03-31,17925.256,1.3130434782608698,2.013478260869565,2.4817391304347827,3.0813043478260873
2017-04-01,18021.048,1.3130434782608698,2.013478260869565,2.4817391304347827,3.0813043478260873
2017-04-30,18021.048,1.2410526315789474,1.8242105263157897,2.297368421052632,2.9415789473684213
2017-05-31,18021.048,1.301818181818182,1.836818181818182,2.3036363636363633,2.9590909090909094
2017-06-30,18021.048,1.342272727272727,1.7740909090909094,2.186818181818182,2.796363636363637
2017-07-01,18163.558,1.342272727272727,1.7740909090909094,2.186818181818182,2.796363636363637
2017-07-31,18163.558,1.3724999999999998,1.8720000000000003,2.3179999999999996,2.884
2017-08-31,18163.558,1.3352173913043475,1.7765217391304353,2.209130434782609,2.795217391304348
2017-09-30,18163.558,1.3844999999999998,1.7975,2.2020000000000004,2.7764999999999995
2017-10-01,18322.464,1.3844999999999998,1.7975,2.2020000000000004,2.7764999999999995
2017-10-31,18322.464,1.5495238095238095,1.9809523809523806,2.3600000000000003,2.8780952380952383
2017-11-30,18322.464,1.6966666666666665,2.05,2.353333333333333,2.801904761904762
2017-12-31,18322.464,1.844,2.1819999999999995,2.4025,2.768
2018-01-01,18438.254,1.844,2.1819999999999995,2.4025,2.768
2018-01-31,18438.254,2.0319047619047623,2.381904761904762,2.5838095238095242,2.8776190476190475
2018-02-28,18438.254,2.175263157894737,2.599473684210526,2.8589473684210525,3.1310526315789478
2018-03-31,18438.254,2.2757142857142854,2.6295238095238096,2.8423809523809527,3.0914285714285716
2018-04-01,18598.135,2.2757142857142854,2.6295238095238096,2.8423809523809527,3.0914285714285716
2018-04-30,18598.135,2.384285714285715,2.701904761904762,2.869047619047619,3.0719047619047624
2018-05-31,18598.135,2.5118181818181817,2.816818181818181,2.977727272727273,3.1318181818181827
2018-06-30,18598.135,2.533333333333334,2.775714285714286,2.9123809523809525,3.0500000000000007
2018-07-01,18732.72,2.533333333333334,2.775714285714286,2.9123809523809525,3.0500000000000007
2018-07-31,18732.72,2.606666666666667,2.7776190476190483,2.8890476190476195,3.006666666666667
2018-08-31,18732.72,2.635652173913044,2.7678260869565223,2.889130434782609,3.041739130434783
2018-09-30,18732.72,2.7678947368421056,2.893684210526316,3.004210526315789,3.151052631578947
2018-10-01,18783.548,2.7678947368421056,2.893684210526316,3.004210526315789,3.151052631578947
2018-10-31,18783.548,2.8609090909090913,3.000454545454545,3.152272727272728,3.3395454545454553
2018-11-30,18783.548,2.8590000000000004,2.947,3.1170000000000004,3.3609999999999998
2018-12-31,18783.548,2.6763157894736844,2.681578947368421,2.832631578947369,3.0957894736842104
2019-01-01,18927.281,2.6763157894736844,2.681578947368421,2.832631578947369,3.0957894736842104
2019-01-31,18927.281,2.543333333333334,2.536190476190476,2.713809523809524,3.0352380952380957
2019-02-28,18927.281,2.504210526315789,2.487894736842105,2.676315789473684,3.0236842105263158
2019-03-31,18927.281,2.4095238095238094,2.372857142857143,2.570952380952381,2.9776190476190476
2019-04-01,19021.86,2.4095238095238094,2.372857142857143,2.570952380952381,2.9776190476190476
2019-04-30,19021.86,2.3447619047619046,2.3333333333333335,2.532380952380952,2.9404761904761907
2019-05-31,19021.86,2.206363636363636,2.187727272727272,2.395,2.8177272727272724
2019-06-30,19021.86,1.8139999999999996,1.8249999999999997,2.074,2.574500000000001
2019-07-01,19121.112,1.8139999999999996,1.8249999999999997,2.074,2.574500000000001
2019-07-31,19121.112,1.8350000000000002,1.8281818181818188,2.059090909090909,2.5727272727272723
2019-08-31,19121.112,1.5713636363636363,1.4868181818181816,1.6263636363636365,2.119090909090909
2019-09-30,19121.112,1.6480000000000001,1.565,1.6994999999999998,2.158
2019-10-01,19221.97,1.6480000000000001,1.565,1.6994999999999998,2.158
2019-10-31,19221.97,1.5513636363636367,1.525,1.706818181818182,2.190454545454545
2019-11-30,19221.97,1.6126315789473686,1.6394736842105262,1.8121052631578947,2.2805263157894733
2019-12-31,19221.97,1.613333333333333,1.6823809523809523,1.862857142857143,2.2976190476190474
2020-01-01,18987.877,1.613333333333333,1.6823809523809523,1.862857142857143,2.2976190476190474
2020-01-31,18987.877,1.5190476190476194,1.5623809523809524,1.7576190476190474,2.216190476190476
2020-02-29,18987.877,1.3310526315789473,1.3236842105263158,1.5042105263157894,1.9705263157894735
2020-03-31,18987.877,0.4481818181818183,0.5918181818181819,0.8699999999999997,1.4549999999999998
2020-04-30,18987.877,0.22476190476190488,0.3880952380952381,0.6576190476190478,1.2652380952380953
2020-05-31,18987.877,0.1693333333333333,0.34133333333333327,0.6733333333333332,1.3626666666666665
